name,company,year,Price,kms_driven,fuel_type
HyundaiSantroXing,Hyundai,2007,80000,45000,Petrol
MahindraJeepCL550,Mahindra,2006,425000,40,Diesel
HyundaiGrandi10,Hyundai,2014,325000,28000,Petrol
FordEcoSportTitanium,Ford,2014,575000,36000,Diesel
FordFigo,Ford,2012,175000,41000,Diesel
HyundaiEon,Hyundai,2013,190000,25000,Petrol
FordEcoSportAmbiente,Ford,2016,830000,24530,Diesel
MarutiSuzukiAlto,Maruti,2015,250000,60000,Petrol
SkodaFabiaClassic,Skoda,2010,182000,60000,Petrol
MarutiSuzukiStingray,Maruti,2015,315000,30000,Petrol
HyundaiElitei20,Hyundai,2014,415000,32000,Petrol
MahindraScorpioSLE,Mahindra,2015,320000,48660,Diesel
HyundaiSantroXing,Hyundai,2007,80000,45000,Petrol
MahindraJeepCL550,Mahindra,2006,425000,40,Diesel
AudiA8,Audi,2017,1000000,4000,Petrol
AudiQ7,Audi,2014,500000,16934,Diesel
MahindraScorpioS10,Mahindra,2016,350000,43000,Diesel
MarutiSuzukiAlto,Maruti,2014,160000,35550,Petrol
MahindraScorpioS10,Mahindra,2016,350000,43000,Diesel
MahindraScorpioS10,Mahindra,2016,310000,39522,Diesel
MarutiSuzukiAlto,Maruti,2015,75000,39000,Petrol
Hyundaii20Sportz,Hyundai,2012,100000,55000,Petrol
Hyundaii20Sportz,Hyundai,2012,100000,55000,Petrol
Hyundaii20Sportz,Hyundai,2012,100000,55000,Petrol
MarutiSuzukiAlto,Maruti,2017,190000,72000,Petrol
MarutiSuzukiVitara,Maruti,2016,290000,15975,Diesel
MarutiSuzukiAlto,Maruti,2008,95000,70000,Petrol
MahindraBoleroDI,Mahindra,2017,180000,23452,Diesel
MarutiSuzukiSwift,Maruti,2014,385000,35522,Diesel
MahindraScorpioS10,Mahindra,2015,250000,48508,Diesel
MarutiSuzukiSwift,Maruti,2017,180000,15487,Petrol
MarutiSuzukiWagon,Maruti,2013,105000,39000,Petrol
MarutiSuzukiWagon,Maruti,2013,105000,39000,Petrol
ToyotaInnova2.0,Toyota,2012,650000,82000,Diesel
RenaultLodgy85,Renault,2018,689999,20000,Diesel
SkodaYetiAmbition,Skoda,2012,448000,68000,Diesel
MarutiSuzukiBaleno,Maruti,2017,549000,32000,Diesel
RenaultDuster110,Renault,2012,501000,38000,Diesel
RenaultDuster85,Renault,2013,489999,27000,Diesel
HondaCity1.5,Honda,2011,280000,33000,Petrol
MarutiSuzukiAlto,Maruti,2015,250000,60000,Petrol
MarutiSuzukiDzire,Maruti,2013,349999,46000,Diesel
HondaAmaze,Honda,2013,284999,46000,Diesel
HondaAmaze1.5,Honda,2015,345000,36000,Diesel
HondaCity,Honda,2015,499999,55000,Petrol
DatsunRediGO,Datsun,2017,235000,16000,Petrol
MarutiSuzukiSX4,Maruti,2010,249999,36000,Petrol
MitsubishiPajeroSport,Mitsubishi,2015,1475000,47000,Diesel
MahindraBoleroDI,Mahindra,2017,180000,23452,Diesel
MarutiSuzukiSwift,Maruti,2014,385000,35522,Diesel
MahindraScorpioS10,Mahindra,2015,250000,48508,Diesel
MarutiSuzukiSwift,Maruti,2017,180000,15487,Petrol
MarutiSuzukiWagon,Maruti,2013,105000,39000,Petrol
MarutiSuzukiWagon,Maruti,2013,105000,39000,Petrol
MahindraScorpioS10,Mahindra,2015,395000,35000,Diesel
MarutiSuzukiSwift,Maruti,2017,220000,30874,Petrol
HondaCityZX,Honda,2017,170000,15000,Diesel
MarutiSuzukiWagon,Maruti,2013,85000,29685,Petrol
FordFigo,Ford,2012,175000,41000,Diesel
HyundaiEon,Hyundai,2013,190000,25000,Petrol
TataIndigoeCS,Tata,2017,200000,130000,Diesel
FordEcoSportAmbiente,Ford,2016,830000,24530,Diesel
TataIndigoeCS,Tata,2017,200000,130000,Diesel
MahindraScorpioSLE,Mahindra,2012,570000,19000,Diesel
VolkswagenPoloHighline,Volkswagen,2014,315000,60000,Petrol
SkodaFabiaClassic,Skoda,2010,182000,60000,Petrol
MarutiSuzukiStingray,Maruti,2015,315000,30000,Petrol
ChevroletSparkLS,Chevrolet,2010,110000,41000,Petrol
RenaultDuster110PS,Renault,2012,501000,35000,Diesel
HondaCity,Honda,2015,448999,54000,Petrol
MiniCooperS,Mini,2013,1891111,13000,Petrol
DatsunRediGO,Datsun,2017,235000,16000,Petrol
SkodaFabia1.2L,Skoda,2011,159500,38200,Diesel
HondaAmaze,Honda,2015,344999,22000,Petrol
HondaAmaze,Honda,2015,344999,22000,Petrol
RenaultDuster,Renault,2014,449999,50000,Diesel
MiniCooperS,Mini,2013,1891111,13500,Petrol
MahindraScorpioS4,Mahindra,2015,865000,30000,Diesel
MahindraScorpioVLX,Mahindra,2014,699000,50000,Diesel
MahindraQuantoC8,Mahindra,2013,375000,20000,Diesel
FordEcoSport,Ford,2017,489999,39000,Petrol
HondaBrio,Honda,2012,224999,30000,Petrol
VolkswagenVentoHighline,Volkswagen,2019,1200000,3600,Diesel
Hyundaii20Magna,Hyundai,2009,195000,32000,Petrol
ToyotaCorollaAltis,Toyota,2010,351000,38000,Diesel
HyundaiVernaTransform,Hyundai,2008,160000,45000,Petrol
ToyotaCorollaAltis,Toyota,2009,240000,35000,Petrol
HondaCity1.5,Honda,2005,90000,50000,Petrol
HyundaiElitei20,Hyundai,2014,415000,32000,Petrol
SkodaFabia1.2L,Skoda,2011,155000,45863,Diesel
BMW3Series,BMW,2011,600000,60500,Petrol
MarutiSuzukiA,Maruti,2011,189500,12500,Petrol
ToyotaEtiosGD,Toyota,2013,350000,60000,Diesel
FordFigoDiesel,Ford,2012,210000,35000,Diesel
MarutiSuzukiSwift,Maruti,2014,390000,35000,Petrol
ChevroletBeatLT,Chevrolet,2012,135000,45000,Diesel
BMW7Series,BMW,2009,1600000,35000,Petrol
MahindraXUV500W8,Mahindra,2013,701000,38000,Diesel
Hyundaii10Magna,Hyundai,2014,265000,18000,Petrol
HyundaiVernaFluidic,Hyundai,2015,525000,35000,Diesel
MarutiSuzukiSwift,Maruti,2013,372000,13349,Petrol
MarutiSuzukiErtiga,Maruti,2016,635000,29000,Petrol
FordEcoSportTitanium,Ford,2014,550000,44000,Diesel
MarutiSuzukiErtiga,Maruti,2016,575000,29000,Petrol
MarutiSuzukiErtiga,Maruti,2013,485000,42000,Diesel
MarutiSuzukiAlto,Maruti,2012,155000,14000,Petrol
HyundaiGrandi10,Hyundai,2014,345000,49000,Diesel
HondaAmaze1.2,Honda,2014,325000,42000,Petrol
Hyundaii20Asta,Hyundai,2012,329500,36200,Diesel
FordFigoDiesel,Ford,2014,195000,50000,Diesel
MarutiSuzukiEeco,Maruti,2015,251111,55000,Petrol
MarutiSuzukiErtiga,Maruti,2014,569999,45000,Petrol
MarutiSuzukiEsteem,Maruti,2007,69999,51000,Petrol
MarutiSuzukiRitz,Maruti,2014,299999,19000,Petrol
MarutiSuzukiDzire,Maruti,2009,220000,46000,Petrol
MarutiSuzukiRitz,Maruti,2013,399999,33000,Diesel
MarutiSuzukiSwift,Maruti,2013,372000,13349,Petrol
MarutiSuzukiDzire,Maruti,2015,450000,104000,Diesel
ToyotaEtiosLiva,Toyota,2014,270000,55000,Petrol
Hyundaii20Sportz,Hyundai,2011,350000,33333,Diesel
ChevroletSpark,Chevrolet,2012,158400,33600,Petrol
MarutiSuzukiAlto,Maruti,2017,350000,5600,Petrol
NissanMicraXV,Nissan,2011,179000,41000,Petrol
MarutiSuzukiSwift,Maruti,2007,125000,70000,Petrol
MarutiSuzukiAlto,Maruti,2018,200000,7500,Petrol
HondaAmaze1.5,Honda,2013,299000,45000,Diesel
MarutiSuzukiAlto,Maruti,2015,220000,38000,Petrol
ChevroletBeat,Chevrolet,2015,150000,30000,Petrol
HondaCity1.5,Honda,2010,285000,35000,Petrol
FordEcoSportTrend,Ford,2016,830000,24330,Diesel
Hyundaii20Asta,Hyundai,2009,210000,65480,Petrol
MarutiSuzukiSwift,Maruti,2013,340000,41000,Petrol
TataIndicaV2,Tata,2006,90000,20000,Petrol
HindustanMotorsAmbassador,Hindustan,2000,70000,200000,Diesel
ToyotaCorollaAltis,Toyota,2010,289999,70000,Petrol
ToyotaCorollaAltis,Toyota,2012,349999,59000,Petrol
ToyotaInnova2.5,Toyota,2012,849999,99000,Diesel
VolkswagenJettaHighline,Volkswagen,2014,749999,46000,Diesel
VolkswagenPoloComfortline,Volkswagen,2015,399999,2800,Petrol
VolkswagenPolo,Volkswagen,2014,274999,32000,Petrol
MahindraScorpio,Mahindra,2015,984999,22000,Diesel
RenaultDuster,Renault,2014,449999,50000,Diesel
HondaAmaze,Honda,2015,344999,22000,Petrol
NissanSunny,Nissan,2012,224999,45000,Petrol
HyundaiElitei20,Hyundai,2018,599999,21000,Petrol
RenaultKwid,Renault,2016,244999,11000,Petrol
RenaultDuster,Renault,2013,399999,41000,Diesel
FordEcoSport,Ford,2017,489999,39000,Petrol
RenaultDuster,Renault,2014,474999,50000,Diesel
MahindraScorpioVLX,Mahindra,2011,499999,66000,Diesel
MarutiSuzukiAlto,Maruti,2018,310000,3000,Petrol
ChevroletSparkLT,Chevrolet,2010,85000,45000,Petrol
DatsunRediGO,Datsun,2016,245000,7000,Petrol
MarutiSuzukiSwift,Maruti,2010,189500,38500,Diesel
FiatPuntoEmotion,Fiat,2012,169500,37200,Diesel
MarutiSuzukiSwift,Maruti,2010,159500,43200,Diesel
ToyotaEtiosGD,Toyota,2013,275000,24800,Petrol
Hyundaii20Sportz,Hyundai,2014,370000,60000,Diesel
Hyundaii10Sportz,Hyundai,2010,168000,45872,Petrol
ChevroletBeatLT,Chevrolet,2011,150000,40000,Diesel
ChevroletBeatLS,Chevrolet,2011,145000,45000,Diesel
ChevroletBeatLT,Chevrolet,2012,98500,38000,Diesel
MahindraScorpioVLX,Mahindra,2014,699000,50000,Diesel
TataIndigoCS,Tata,2011,85000,11400,Diesel
ToyotaCorollaAltis,Toyota,2015,575000,42000,Petrol
HondaCity1.5,Honda,2014,549000,39000,Petrol
MarutiSuzukiSwift,Maruti,2011,209000,47000,Diesel
HyundaiEonEra,Hyundai,2013,185000,27000,Petrol
MahindraScorpioS10,Mahindra,2015,900000,97200,Diesel
MahindraXUV500,Mahindra,2014,699999,52000,Diesel
HondaBrio,Honda,2012,224999,30000,Petrol
FordFiesta,Ford,2011,274999,55000,Diesel
HondaAmaze,Honda,2013,284999,46000,Diesel
HondaCity,Honda,2015,599999,30000,Diesel
MarutiSuzukiWagon,Maruti,2012,199999,44000,Petrol
HondaCity,Honda,2014,544999,45000,Diesel
Hyundaii20,Hyundai,2009,199000,31000,Petrol
TataIndigoeCS,Tata,2016,320000,175430,Diesel
HyundaiFluidicVerna,Hyundai,2015,540000,38000,Diesel
MahindraQuantoC8,Mahindra,2013,340000,37000,Diesel
FiatPetraELX,Fiat,2008,75000,65000,Petrol
SkodaFabia1.2L,Skoda,2011,159500,38200,Diesel
MiniCooperS,Mini,2013,1891111,13000,Petrol
HyundaiSantroXing,Hyundai,2005,49000,7500,Petrol
MarutiSuzukiCiaz,Maruti,2016,700000,3350,Petrol
MarutiSuzukiZen,Maruti,2000,55000,60000,Petrol
HondaCity,Honda,2015,448999,54000,Petrol
HyundaiCreta1.6,Hyundai,2017,895000,32000,Petrol
MahindraScorpioSLX,Mahindra,2007,355000,75000,Diesel
MahindraScorpioSLE,Mahindra,2012,565000,62000,Diesel
ToyotaInnova2.5,Toyota,2006,365000,73000,Diesel
MarutiSuzukiAlto,Maruti,2011,145000,41000,Petrol
MarutiSuzukiWagon,Maruti,2011,210000,35000,Petrol
TataNanoCx,Tata,2013,40000,2200,Petrol
MarutiSuzukiAlto,Maruti,2013,125000,39000,Petrol
MarutiSuzukiWagon,Maruti,2009,135000,45000,Petrol
MarutiSuzukiSwift,Maruti,2006,135000,45000,Petrol
TataSumoVicta,Tata,2012,285000,65000,Diesel
MarutiSuzukiWagon,Maruti,2010,145000,54870,Petrol
MarutiSuzukiAlto,Maruti,2010,135000,34580,Petrol
VolkswagenPassatDiesel,Volkswagen,2009,450000,97000,Diesel
RenaultScalaRxL,Renault,2015,375000,25000,Diesel
MahindraQuantoC8,Mahindra,2013,375000,20000,Diesel
HyundaiGrandi10,Hyundai,2014,365000,20000,Petrol
Hyundaii20Active,Hyundai,2015,500000,18000,Petrol
MahindraXyloE4,Mahindra,2012,400000,35000,Diesel
MahindraJeepMM,Mahindra,2019,390000,60,Diesel
RenaultDuster110PS,Renault,2012,501000,35000,Diesel
MahindraBoleroSLE,Mahindra,2013,330000,80200,Diesel
ForceMotorsForce,Force,2015,580000,3200,Diesel
MarutiSuzukiSX4,Maruti,2012,265000,46000,Diesel
MahindraJeepCL550,Mahindra,2019,379000,0,Diesel
MarutiSuzukiAlto,Maruti,2015,219000,5000,Petrol
MahindraJeepCL550,Mahindra,2018,385000,588,Diesel
ToyotaEtios,Toyota,2011,275000,36000,Diesel
VolkswagenPolo,Volkswagen,2015,330000,38000,Diesel
HondaCityZX,Honda,2008,110000,45000,Petrol
MarutiSuzukiWagon,Maruti,2006,80000,71200,Petrol
HondaCityVX,Honda,2016,519000,52000,Diesel
MahindraTharCRDe,Mahindra,2016,730000,29000,Diesel
MitsubishiPajeroSport,Mitsubishi,2015,1475000,47000,Diesel
AudiA41.8,Audi,2009,699000,47000,Petrol
MercedesBenzGLA,Mercedes,2015,2000000,20000,Diesel
LandRoverFreelander,Land,2015,2100000,30000,Diesel
RenaultKwidRXT,Renault,2017,340000,5000,Petrol
TataAriaPleasure,Tata,2014,390000,35000,Diesel
MercedesBenzB,Mercedes,2014,1400000,31000,Petrol
DatsunGOT,Datsun,2016,245000,7000,Petrol
TataIndigoeCS,Tata,2016,320000,175430,Diesel
TataIndigoeCS,Tata,2016,320000,175400,Diesel
HondaJazzVX,Honda,2016,450000,41000,Petrol
HondaAmaze1.2,Honda,2014,311000,33000,Petrol
HondaAmaze,Honda,2013,284999,46000,Diesel
HondaCity,Honda,2012,399999,45000,Petrol
HondaCity,Honda,2015,599999,39000,Diesel
HondaAmaze,Honda,2015,344999,22000,Petrol
AudiA41.8,Audi,2009,699000,47000,Petrol
ForceMotorsForce,Force,2015,580000,3200,Diesel
MahindraScorpioS4,Mahindra,2015,855000,30000,Diesel
Hyundaii20Active,Hyundai,2015,535000,37000,Diesel
MiniCooperS,Mini,2013,1891111,13000,Petrol
MarutiSuzukiCiaz,Maruti,2017,699000,14000,Petrol
ChevroletTaveraNeo,Chevrolet,2013,375000,55000,Diesel
HondaAmaze,Honda,2013,284999,46000,Diesel
HyundaiEonSportz,Hyundai,2012,178000,30000,Petrol
TataSumoGold,Tata,2013,300000,50000,Diesel
MarutiSuzukiWagon,Maruti,2003,90000,45000,Petrol
MarutiSuzukiEsteem,Maruti,2006,95000,45000,Petrol
MarutiSuzukiEeco,Maruti,2015,255000,9300,Petrol
ChevroletEnjoy1.4,Chevrolet,2013,245000,55000,Diesel
Hyundaii20Asta,Hyundai,2012,329500,36200,Diesel
FordFigoDiesel,Ford,2014,195000,50000,Diesel
MarutiSuzukiEeco,Maruti,2015,251111,55000,Petrol
MarutiSuzukiErtiga,Maruti,2014,569999,45000,Petrol
MarutiSuzukiEsteem,Maruti,2007,69999,51000,Petrol
MarutiSuzukiRitz,Maruti,2014,299999,19000,Petrol
MarutiSuzukiDzire,Maruti,2009,220000,46000,Petrol
MarutiSuzukiRitz,Maruti,2013,399999,33000,Diesel
MarutiSuzukiSX4,Maruti,2010,249999,36000,Petrol
MarutiSuzukiWagon,Maruti,2015,289999,22000,Petrol
MiniCooperS,Mini,2013,1891111,13500,Petrol
NissanTerranoXL,Nissan,2015,499999,60000,Diesel
RenaultDuster85,Renault,2013,489999,27000,Diesel
RenaultDuster85,Renault,2014,489999,59000,Diesel
RenaultDuster85,Renault,2015,549999,19000,Diesel
MarutiSuzukiDzire,Maruti,2013,380000,30000,Petrol
RenaultKwidRXT,Renault,2018,325000,15000,Petrol
MarutiSuzukiMaruti,Maruti,2003,57000,56758,Petrol
RenaultKwid1.0,Renault,2018,349999,10000,Petrol
RenaultLodgy85,Renault,2018,689999,20000,Diesel
RenaultScalaRxL,Renault,2014,349999,49000,Diesel
HyundaiGrandi10,Hyundai,2014,410000,41000,Petrol
MarutiSuzukiSwift,Maruti,2011,225000,45000,Petrol
ChevroletBeatLS,Chevrolet,2010,120000,43000,Petrol
TataIndigoeCS,Tata,2016,320000,175430,Diesel
HyundaiSantroXing,Hyundai,2000,59000,56450,Petrol
HyundaiFluidicVerna,Hyundai,2015,540000,38000,Diesel
ChevroletBeatLS,Chevrolet,2010,80000,56000,Petrol
MahindraQuantoC8,Mahindra,2013,340000,37000,Diesel
FiatPetraELX,Fiat,2008,75000,65000,Petrol
ChevroletBeatLS,Chevrolet,2015,220000,32700,Petrol
SkodaFabia1.2L,Skoda,2011,159500,38200,Diesel
FordEcoSportTitanium,Ford,2016,599000,30000,Diesel
HyundaiAccentGLX,Hyundai,2006,80000,56000,Petrol
MahindraTUV300T4,Mahindra,2016,675000,9000,Diesel
MiniCooperS,Mini,2013,1891111,13000,Petrol
MiniCooperS,Mini,2013,1891111,13000,Petrol
TataIndicaV2,Tata,2008,150000,11000,Petrol
MiniCooperS,Mini,2013,1891111,13000,Petrol
TataIndigoCS,Tata,2009,72500,46000,Diesel
MarutiSuzukiSwift,Maruti,2019,610000,73,Petrol
MahindraScorpioVLX,Mahindra,2004,230000,160000,Diesel
HondaAccord,Honda,2009,175000,58559,Petrol
MahindraScorpioS4,Mahindra,2015,855000,30000,Diesel
ChevroletTaveraNeo,Chevrolet,2013,375000,55000,Diesel
FordEcoSportTitanium,Ford,2014,520000,57000,Diesel
MarutiSuzukiErtiga,Maruti,2015,524999,50000,Diesel
HondaAmaze,Honda,2014,299999,37000,Petrol
MarutiSuzukiDzire,Maruti,2012,299999,40000,Petrol
HondaCity,Honda,2011,284999,55000,Petrol
MahindraScorpio2.6,Mahindra,2007,220000,170000,Diesel
MarutiSuzukiDzire,Maruti,2014,424999,55000,Diesel
HondaCity,Honda,2015,644999,39000,Petrol
HondaMobilio,Honda,2014,399999,44000,Petrol
ToyotaCorollaAltis,Toyota,2009,199999,65000,Petrol
HondaCity,Honda,2014,584999,39000,Petrol
SkodaLaura,Skoda,2012,349999,44000,Diesel
RenaultDuster,Renault,2015,449999,49000,Diesel
MarutiSuzukiErtiga,Maruti,2018,799999,9000,Diesel
MarutiSuzukiDzire,Maruti,2015,444999,45000,Diesel
MahindraXUV500,Mahindra,2014,649999,47000,Diesel
HyundaiVernaFluidic,Hyundai,2012,444999,40000,Diesel
MarutiSuzukiVitara,Maruti,2016,689999,29000,Diesel
MarutiSuzukiWagon,Maruti,2016,344999,15000,Petrol
MahindraScorpio,Mahindra,2015,944999,45000,Diesel
HondaAmaze,Honda,2014,274999,35000,Petrol
MahindraXUV500,Mahindra,2013,689999,80000,Diesel
MahindraScorpio,Mahindra,2013,574999,68000,Diesel
SkodaLaura,Skoda,2013,374999,50000,Diesel
VolkswagenPolo,Volkswagen,2010,199999,60000,Diesel
HyundaiElitei20,Hyundai,2016,549999,9000,Petrol
TataManzaAura,Tata,2012,130000,72000,Diesel
ChevroletSailUVA,Chevrolet,2013,210000,60000,Petrol
RenaultDuster110,Renault,2012,501000,38000,Diesel
HyundaiVernaFluidic,Hyundai,2013,401000,45000,Diesel
AudiA42.0,Audi,2012,1350000,40000,Diesel
HyundaiElantraSX,Hyundai,2013,600000,20000,Petrol
MahindraScorpioVLX,Mahindra,2013,610000,35000,Diesel
MahindraKUV100K8,Mahindra,2016,400000,20000,Diesel
RenaultScalaRxL,Renault,2015,375000,25000,Diesel
MahindraQuantoC8,Mahindra,2013,375000,20000,Diesel
HyundaiGrandi10,Hyundai,2014,365000,20000,Petrol
Hyundaii20Active,Hyundai,2015,500000,18000,Petrol
MahindraXyloE4,Mahindra,2012,400000,35000,Diesel
HyundaiGrandi10,Hyundai,2017,524999,6821,Petrol
Hyundaii20,Hyundai,2014,449999,23000,Petrol
HyundaiEon,Hyundai,2014,174999,14000,Petrol
Hyundaii10,Hyundai,2012,244999,38000,Petrol
Hyundaii20Active,Hyundai,2015,574999,35000,Diesel
DatsunRediGO,Datsun,2017,244999,22000,Petrol
ToyotaEtiosLiva,Toyota,2011,239999,41000,Petrol
HyundaiAccent,Hyundai,2010,99999,45000,Petrol
HyundaiVerna,Hyundai,2014,489999,44000,Diesel
MarutiSuzukiSwift,Maruti,2013,324999,45000,Diesel
ToyotaFortuner,Toyota,2011,1074999,52000,Diesel
Hyundaii10Sportz,Hyundai,2012,230000,34000,Petrol
MahindraBoleroPower,Mahindra,2018,699000,1800,Diesel
MahindraXUV500,Mahindra,2015,1000000,15000,Diesel
HondaCity1.5,Honda,2010,240000,400000,Petrol
ChevroletSparkLT,Chevrolet,2009,110000,44000,Petrol
MahindraJeepMM,Mahindra,2019,390000,60,Diesel
RenaultDuster110PS,Renault,2012,501000,35000,Diesel
MahindraXUV500,Mahindra,2016,1130000,72000,Diesel
TataIndigoeCS,Tata,2014,250000,40000,Diesel
MahindraBoleroSLE,Mahindra,2013,330000,80200,Diesel
ForceMotorsForce,Force,2015,580000,3200,Diesel
SkodaRapidElegance,Skoda,2013,340000,48000,Diesel
TataVistaQuadrajet,Tata,2011,120000,90000,Diesel
MarutiSuzukiAlto,Maruti,2015,265000,12000,Petrol
MarutiSuzukiSX4,Maruti,2012,265000,46000,Diesel
MarutiSuzukiZen,Maruti,2003,85000,69900,Petrol
MahindraJeepCL550,Mahindra,2019,379000,0,Diesel
Hyundaii10Magna,Hyundai,2011,175000,45000,Petrol
MarutiSuzukiAlto,Maruti,2015,219000,5000,Petrol
MarutiSuzukiSwift,Maruti,2016,350000,166000,Diesel
HondaCityZX,Honda,2008,149000,42000,Petrol
MahindraJeepCL550,Mahindra,2018,385000,588,Diesel
MahindraJeepMM,Mahindra,2006,425000,122,Diesel
ChevroletBeatDiesel,Chevrolet,2017,150000,62000,Diesel
HondaCity1.5,Honda,2010,225000,70000,Petrol
HyundaiVerna1.4,Hyundai,2014,375000,36000,Petrol
ToyotaInnova2.5,Toyota,2012,770000,0,Diesel
MarutiSuzukiMaruti,Maruti,1995,30000,55000,Petrol
ToyotaEtios,Toyota,2011,275000,36000,Diesel
VolkswagenPolo,Volkswagen,2015,330000,38000,Diesel
MarutiSuzukiSwift,Maruti,2014,335000,55000,Diesel
HyundaiElitei20,Hyundai,2015,450000,20000,Diesel
MarutiSuzukiSwift,Maruti,2012,225000,40000,Petrol
MarutiSuzukiVersa,Maruti,2004,80000,50000,Petrol
TataIndigoLX,Tata,2016,130000,104000,Diesel
VolkswagenVentoKonekt,Volkswagen,2011,245000,65000,Diesel
MercedesBenzC,Mercedes,2002,399000,41000,Petrol
MarutiSuzukiErtiga,Maruti,2013,450000,90000,Diesel
HondaCity,Honda,2000,65000,80000,Petrol
HyundaiSantroXing,Hyundai,2006,75000,46000,Petrol
MarutiSuzukiOmni,Maruti,2001,70000,70000,Petrol
HyundaiSonataTransform,Hyundai,2017,190000,36469,Diesel
HyundaiElitei20,Hyundai,2018,600000,7800,Petrol
VolkswagenVentoKonekt,Volkswagen,2011,245000,65000,Diesel
MarutiSuzukiAlto,Maruti,2017,240000,60000,Petrol
MarutiSuzukiAlto,Maruti,2011,155000,32000,Petrol
HondaJazzS,Honda,2009,169999,24695,Petrol
HyundaiGrandi10,Hyundai,2017,450000,15141,Petrol
MarutiSuzukiZen,Maruti,2001,40000,40000,Petrol
MahindraScorpioW,Mahindra,2012,165000,65000,Diesel
MarutiSuzukiAlto,Maruti,2014,270000,22000,Petrol
HyundaiGrandi10,Hyundai,2016,280000,59910,Diesel
MahindraXUV500W8,Mahindra,2012,560000,100000,Diesel
HyundaiCreta1.6,Hyundai,2016,950000,25000,Petrol
Hyundaii20Magna,Hyundai,2013,310000,35000,Petrol
RenaultDuster85,Renault,2015,715000,65000,Diesel
HyundaiGrandi10,Hyundai,2014,340000,35000,Petrol
HondaBrioV,Honda,2012,235000,33000,Petrol
MahindraTUV300T4,Mahindra,2017,610000,68000,Diesel
ChevroletSparkLS,Chevrolet,2010,95000,23000,Petrol
MahindraTUV300T8,Mahindra,2018,1000000,4500,Diesel
MarutiSuzukiSwift,Maruti,2015,220000,129000,Diesel
NissanXTrail,Nissan,2019,1200000,300,Diesel
MarutiSuzukiAlto,Maruti,2015,230000,5000,Petrol
FordIkon1.3,Ford,2001,45000,65000,Petrol
ToyotaFortuner3.0,Toyota,2010,940000,131000,Diesel
TataManzaELAN,Tata,2010,155555,111111,Petrol
MercedesBenzA,Mercedes,2013,1500000,14000,Petrol
ChevroletBeatLS,Chevrolet,2016,210000,22000,Diesel
FordEcoSportTrend,Ford,2013,495000,38000,Diesel
TataIndigoLS,Tata,2016,125000,70000,Diesel
Hyundaii20Magna,Hyundai,2010,195000,36000,Petrol
VolkswagenVentoHighline,Volkswagen,2015,550000,34000,Diesel
RenaultKwidRXT,Renault,2015,270000,43000,Petrol
FordEcoSportTitanium,Ford,2014,500000,40000,Diesel
HondaAmaze1.5,Honda,2016,240000,160000,Diesel
HyundaiVerna1.6,Hyundai,2017,800000,12000,Petrol
BMW5Series,BMW,2011,1299000,49000,Diesel
SkodaSuperb1.8,Skoda,2011,530000,68000,Petrol
AudiQ32.0,Audi,2013,1499000,37000,Diesel
MahindraBoleroDI,Mahindra,2012,220000,59466,Diesel
MahindraScorpioS10,Mahindra,2015,900000,97200,Diesel
FordFigoDuratorq,Ford,2012,250000,99000,Diesel
MarutiSuzukiWagon,Maruti,2018,395000,25500,Petrol
MahindraLoganDiesel,Mahindra,2009,130000,66000,Petrol
TataNanoGenX,Tata,2010,32000,44005,Petrol
MahindraTUV300T4,Mahindra,2016,540000,35000,Diesel
MahindraTUV300T4,Mahindra,2016,540000,35000,Diesel
HyundaiElitei20,Hyundai,2015,405000,28000,Petrol
HyundaiElitei20,Hyundai,2015,400000,30000,Petrol
HondaCitySV,Honda,2017,760000,4000,Petrol
MarutiSuzukiBaleno,Maruti,2016,500000,28000,Petrol
FordFigoPetrol,Ford,2011,175000,75000,Petrol
MahindraScorpioS10,Mahindra,2015,900000,97200,Diesel
HondaCity,Honda,2017,750000,3000,Petrol
HyundaiElitei20,Hyundai,2015,419000,20000,Petrol
MarutiSuzukiVersa,Maruti,2004,90000,50000,Petrol
HyundaiEonEra,Hyundai,2018,140000,2110,Petrol
MitsubishiPajeroSport,Mitsubishi,2015,1540000,43222,Petrol
Hyundaii10Magna,Hyundai,2008,275000,100200,Petrol
ToyotaCorollaH2,Toyota,2003,150000,100000,Petrol
MarutiSuzukiSwift,Maruti,2011,230000,65,Petrol
TataIndigoCS,Tata,2015,123000,100000,Diesel
MahindraScorpioS10,Mahindra,2015,900000,97200,Diesel
MahindraScorpioS10,Mahindra,2015,900000,97200,Diesel
HyundaiXcentBase,Hyundai,2016,300000,140000,Diesel
HondaCity,Honda,2015,499999,55000,Petrol
HyundaiAccentExecutive,Hyundai,2009,165000,48000,Petrol
MarutiSuzukiBaleno,Maruti,2016,498000,22000,Petrol
TataZestXE,Tata,2018,480000,103553,Diesel
MarutiSuzukiDzire,Maruti,2017,488000,80000,Diesel
TataSumoGold,Tata,2014,250000,99000,Diesel
ToyotaCorollaAltis,Toyota,2010,220000,58000,Petrol
MarutiSuzukiEeco,Maruti,2013,290000,70000,LPG
ToyotaFortuner3.0,Toyota,2015,1525000,120000,Diesel
MahindraXUV500W6,Mahindra,2013,548900,49800,Diesel
TataTigorRevotron,Tata,2019,650000,100,Diesel
MarutiSuzuki800,Maruti,2001,55000,81876,Petrol
MarutiSuzukiErtiga,Maruti,2015,550000,75000,Petrol
MarutiSuzukiVersa,Maruti,2004,90000,50000,Petrol
HondaMobilioS,Honda,2014,399000,44000,Diesel
MarutiSuzukiErtiga,Maruti,2016,730000,55000,Diesel
MarutiSuzukiVitara,Maruti,2017,725000,36000,Diesel
HyundaiVerna1.6,Hyundai,2016,195000,56000,Diesel
MarutiSuzukiSwift,Maruti,2007,130000,62000,Petrol
ToyotaFortuner3.0,Toyota,2015,1525000,120000,Diesel
MarutiSuzukiOmni,Maruti,2014,190000,6020,Petrol
HondaAmaze,Honda,2013,250000,55700,Diesel
TataIndica,Tata,2005,80000,42000,Petrol
HyundaiSantroXing,Hyundai,2003,120000,50000,Petrol
MarutiSuzukiZen,Maruti,2010,149000,35000,Petrol
MarutiSuzukiWagon,Maruti,2014,250000,18500,Petrol
MarutiSuzukiWagon,Maruti,2007,120000,7000,Petrol
HondaBrioVX,Honda,2017,450000,11000,Petrol
MarutiSuzukiZen,Maruti,2003,99999,53000,Petrol
MarutiSuzukiZen,Maruti,2008,135000,23000,Petrol
MarutiSuzukiWagon,Maruti,2016,225000,35500,Diesel
MarutiSuzukiAlto,Maruti,2010,99000,22134,Petrol
RenaultKwidRXT,Renault,2019,370000,1000,Petrol
TataNanoLx,Tata,2010,52000,9000,Petrol
JaguarXEXE,Jaguar,2016,2800000,8500,Petrol
HyundaiEonMagna,Hyundai,2014,190000,35000,Petrol
HondaCity1.5,Honda,2014,499000,22000,Petrol
HindustanMotorsAmbassador,Hindustan,2002,90000,25000,Diesel
MarutiSuzukiRitz,Maruti,2010,149000,40000,Petrol
HyundaiGrandi10,Hyundai,2017,400000,20000,Petrol
HyundaiEonD,Hyundai,2016,120000,87000,Petrol
MarutiSuzukiSwift,Maruti,2015,250000,55000,Petrol
MarutiSuzukiWagon,Maruti,2017,375000,23000,Petrol
HondaAmaze1.2,Honda,2014,381000,6000,Petrol
MarutiSuzukiEstilo,Maruti,2013,180000,65000,Petrol
MarutiSuzukiVitara,Maruti,2016,580000,25000,Diesel
MarutiSuzukiEeco,Maruti,2015,278000,39000,Petrol
HyundaiCreta1.6,Hyundai,2016,1000000,8000,Petrol
MahindraScorpioVlx,Mahindra,2013,690000,75000,Diesel
MarutiSuzukiErtiga,Maruti,2012,480000,51000,Diesel
MitsubishiLancer1.8,Mitsubishi,2006,85000,50000,Petrol
MarutiSuzukiMaruti,Maruti,2001,40000,75000,Petrol
MarutiSuzukiAlto,Maruti,2015,90000,55800,Petrol
HyundaiGrandi10,Hyundai,2015,340000,53000,Petrol
HyundaiEonD,Hyundai,2018,260000,25000,Petrol
FordFiestaSXi,Ford,2009,250000,56400,Petrol
MarutiSuzukiRitz,Maruti,2010,180000,72160,Diesel
HyundaiVernaFluidic,Hyundai,2012,350000,10000,Diesel
MarutiSuzukiWagon,Maruti,2006,90001,48000,Petrol
MarutiSuzukiEstilo,Maruti,2007,115000,36000,Petrol
AudiA62.0,Audi,2012,1599000,11500,Diesel
MarutiSuzukiWagon,Maruti,2003,130000,133000,Petrol
MarutiSuzukiWagon,Maruti,2009,159000,27000,Petrol
MarutiSuzukiWagon,Maruti,2009,160000,35000,Petrol
MarutiSuzukiAlto,Maruti,2010,110000,55000,Petrol
MarutiSuzukiBaleno,Maruti,2016,425000,40000,Petrol
HyundaiVerna1.6,Hyundai,2019,900000,2000,Petrol
MarutiSuzukiSwift,Maruti,2009,150000,45000,Petrol
HyundaiGetzPrime,Hyundai,2009,110000,20000,Petrol
HyundaiSantro,Hyundai,2000,51999,88000,Petrol
HyundaiGetzPrime,Hyundai,2009,115000,20000,Petrol
ChevroletBeatPS,Chevrolet,2012,215000,65422,Diesel
FordEcoSportTrend,Ford,2017,580000,10000,Petrol
MarutiSuzukiDzire,Maruti,2013,380000,35000,Petrol
HyundaiFluidicVerna,Hyundai,2013,350000,117000,Diesel
TataIndicaV2,Tata,2005,35000,150000,Diesel
BMWX1xDrive20d,BMW,2011,1150000,72000,Diesel
Hyundaii20Asta,Hyundai,2010,300000,10750,Petrol
HondaCity1.5,Honda,2009,269000,55000,Petrol
TataNano,Tata,2013,60000,6800,Petrol
ChevroletCruzeLTZ,Chevrolet,2014,400000,41000,Diesel
HyundaiVernaFluidic,Hyundai,2015,430000,73000,Diesel
MarutiSuzukiSwift,Maruti,2011,140000,65000,Diesel
MahindraXUV500W6,Mahindra,2014,8500003,45000,Diesel
MahindraXUV500W10,Mahindra,2018,1299000,40000,Diesel
MarutiSuzukiAlto,Maruti,2014,199000,37000,Petrol
HyundaiAccentGLE,Hyundai,2006,90000,55000,Petrol
ForceMotorsOne,Force,2013,550000,140000,Diesel
MarutiSuzukiAlto,Maruti,2019,265000,9800,Petrol
ChevroletSpark1.0,Chevrolet,2011,100000,27000,Petrol
Hyundaii10,Hyundai,2009,215000,27000,Petrol
ToyotaEtiosLiva,Toyota,2012,380000,20000,Diesel
RenaultDuster85PS,Renault,2013,401919,57923,Diesel
ChevroletEnjoy,Chevrolet,2014,490000,30201,Diesel
MarutiSuzukiAlto,Maruti,2017,280000,6200,Petrol
BMW5Series,BMW,2009,650000,37518,Petrol
ToyotaEtiosLiva,Toyota,2014,160000,24652,Petrol
MahindraJeepMM,Mahindra,2004,424000,383,Diesel
ChevroletBeatLS,Chevrolet,2016,225000,95000,Diesel
ChevroletCruzeLTZ,Chevrolet,2011,350000,35000,Diesel
JeepWranglerUnlimited,Jeep,2015,950000,3528,Diesel
MarutiSuzukiErtiga,Maruti,2013,485000,52500,Diesel
HyundaiVernaVGT,Hyundai,2010,205000,47900,Diesel
MarutiSuzukiOmni,Maruti,2012,160000,14000,Petrol
MarutiSuzukiCelerio,Maruti,2018,310000,37000,Petrol
TataZestQuadrajet,Tata,2017,180000,90000,Diesel
MahindraXUV500W6,Mahindra,2013,549900,52800,Diesel
TataIndigoCS,Tata,2016,150000,104000,Diesel
Hyundaii10Era,Hyundai,2011,175000,30000,Petrol
TataIndigoeCS,Tata,2014,95000,195000,Diesel
TataIndigoLX,Tata,2016,230000,104000,Diesel
TataIndigoeCS,Tata,2016,230000,104000,Diesel
TataIndigoMarina,Tata,2004,180000,70000,Diesel
HyundaiXcentSX,Hyundai,2015,400000,43000,Diesel
HyundaiEonMagna,Hyundai,2013,185000,23000,Petrol
RenaultDuster85,Renault,2015,385000,51000,Diesel
MarutiSuzukiAlto,Maruti,2009,90000,62000,Petrol
TataNanoLX,Tata,2010,32000,48008,Petrol
RenaultDuster110,Renault,2013,435000,39000,Diesel
MarutiSuzukiWagon,Maruti,2010,225000,40000,Petrol
MarutiSuzukiSwift,Maruti,2006,189700,48247,Petrol
MarutiSuzukiErtiga,Maruti,2012,389700,39000,Diesel
MarutiSuzukiSwift,Maruti,2014,365000,23000,Petrol
MarutiSuzukiAlto,Maruti,2017,360000,9400,Petrol
Hyundaii20Magna,Hyundai,2010,210000,50000,Petrol
Hyundaii10Magna,Hyundai,2009,170000,75000,Petrol
TataZestXE,Tata,2017,380000,70000,Diesel
MahindraXyloE8,Mahindra,2009,295000,64000,Diesel
ToyotaCorollaAltis,Toyota,2010,185000,55000,Petrol
TataManzaAqua,Tata,2014,160000,200000,Diesel
RenaultKwid1.0,Renault,2018,290000,2137,Petrol
TataVentureEX,Tata,2013,100000,30000,Diesel
MarutiSuzukiSwift,Maruti,2014,315000,44000,Petrol
SkodaOctaviaClassic,Skoda,2006,114990,65000,Diesel
MarutiSuzukiOmni,Maruti,2012,120000,160000,LPG
ChevroletBeatDiesel,Chevrolet,2011,125000,56000,Diesel
TataSumoGold,Tata,2012,210000,75000,Diesel
HyundaiVerna1.6,Hyundai,2018,855000,42000,Diesel
TataSumoGold,Tata,2012,210000,75000,Diesel
MahindraScorpio2.6,Mahindra,2007,260000,56000,Diesel
MarutiSuzukiZen,Maruti,2002,95000,10544,Petrol
MarutiSuzukiSwift,Maruti,2011,255000,64000,Petrol
MahindraScorpioSLX,Mahindra,2008,300000,70000,Diesel
HyundaiGrandi10,Hyundai,2014,340000,25000,Petrol
HyundaiElitei20,Hyundai,2017,550000,15000,Petrol
FordIkon1.6,Ford,2003,60000,50000,Petrol
ToyotaInnova2.5,Toyota,2011,750000,147000,Diesel
NissanSunnyXL,Nissan,2011,230000,52000,Petrol
ChevroletBeatLT,Chevrolet,2012,130000,90001,Diesel
MarutiSuzukiAlto,Maruti,2017,270000,21000,Petrol
MarutiSuzukiSwift,Maruti,2012,280000,48006,Diesel
MarutiSuzukiSwift,Maruti,2012,280000,48006,Diesel
MarutiSuzukiSwift,Maruti,2012,280000,48006,Diesel
ToyotaInnova2.0,Toyota,2012,600000,80000,Diesel
MarutiSuzukiSwift,Maruti,2010,190000,74000,Diesel
HyundaiElitei20,Hyundai,2015,500000,22000,Petrol
MahindraXUV500W10,Mahindra,2016,1065000,41000,Diesel
VolkswagenPoloTrendline,Volkswagen,2015,350000,25000,Diesel
ToyotaEtiosLiva,Toyota,2012,350000,85000,Diesel
MahindraTUV300T4,Mahindra,2016,540000,29500,Diesel
HyundaiElitei20,Hyundai,2015,470000,30000,Petrol
HyundaiSantroXing,Hyundai,2014,179000,57000,Petrol
MarutiSuzukiZen,Maruti,2003,48000,60000,Petrol
MarutiSuzukiCiaz,Maruti,2016,650000,50000,Petrol
HyundaiEonEra,Hyundai,2013,190000,39700,Petrol
HyundaiElantra1.8,Hyundai,2012,500000,65000,Petrol
MarutiSuzukiSwift,Maruti,2010,270000,67000,Diesel
MarutiSuzukiZen,Maruti,2008,125000,46000,Petrol
HyundaiEonEra,Hyundai,2012,188000,38000,Petrol
HyundaiGrandi10,Hyundai,2016,380000,27000,Petrol
HyundaiVernaFluidic,Hyundai,2011,365000,43000,Diesel
FordEcoSportTrend,Ford,2014,465000,47000,Petrol
Hyundaii20Magna,Hyundai,2011,240000,42000,Petrol
ChevroletBeatDiesel,Chevrolet,2016,179999,19336,Diesel
TataIndicaeV2,Tata,2015,140000,60105,Diesel
JaguarXF2.2,Jaguar,2013,2190000,29000,Diesel
AudiQ52.0,Audi,2014,2390000,34000,Diesel
BMW3Series,BMW,2011,1075000,35000,Diesel
MarutiSuzukiSwift,Maruti,2015,475000,22000,Petrol
BMWX1sDrive20d,BMW,2012,1025000,41000,Diesel
MarutiSuzukiS,Maruti,2016,615000,21000,Diesel
MarutiSuzukiErtiga,Maruti,2013,475000,48000,Diesel
MarutiSuzukiAlto,Maruti,2016,270000,38000,Petrol
HondaCitySV,Honda,2014,475000,34000,Diesel
VolkswagenVentoComfortline,Volkswagen,2011,240000,45933,Petrol
HondaCity1.5,Honda,2005,120000,68000,Petrol
AudiA42.0,Audi,2016,1900000,44000,Diesel
MahindraKUV100,Mahindra,2017,360000,35000,Diesel
TataZestXE,Tata,2018,450000,102563,Diesel
MahindraXUV500W8,Mahindra,2015,900000,28600,Diesel
MarutiSuzukiSwift,Maruti,2017,650000,41800,Diesel
TataSumoGold,Tata,2014,275000,116000,Diesel
MarutiSuzukiSwift,Maruti,2009,210000,59000,Petrol
MahindraScorpio2.6,Mahindra,2004,175000,58000,Diesel
MarutiSuzukiOmni,Maruti,2009,85000,45000,Petrol
MitsubishiPajeroSport,Mitsubishi,2015,1490000,42590,Diesel
RenaultDuster,Renault,2014,800000,7400,Diesel
VolkswagenJettaComfortline,Volkswagen,2009,450000,54500,Diesel
MarutiSuzukiErtiga,Maruti,2012,1000000,200000,Diesel
AudiA42.0,Audi,2013,1510000,27000,Diesel
VolvoS80Summum,Volvo,2015,1850000,42000,Diesel
ToyotaCorollaAltis,Toyota,2014,790000,29000,Petrol
MitsubishiPajeroSport,Mitsubishi,2015,1725000,37000,Diesel
ChevroletBeatLT,Chevrolet,2012,135000,36000,Petrol
BMWX1,BMW,2011,1000000,34000,Diesel
DatsunRediGO,Datsun,2018,299999,7000,Petrol
MercedesBenzC,Mercedes,2009,1225000,76000,Diesel
MahindraScorpioSLX,Mahindra,2004,175000,60000,Diesel
VolkswagenVentoComfortline,Volkswagen,2011,200000,95000,Diesel
TataIndigoCS,Tata,2017,270000,50000,Diesel
FordFigoPetrol,Ford,2019,525000,0,Petrol
HondaCityZX,Honda,2006,180000,50000,Petrol
MarutiSuzukiWagon,Maruti,2008,140000,68000,Petrol
FordEcoSportTrend,Ford,2014,400000,16000,Petrol
MarutiSuzukiSwift,Maruti,2016,499000,51000,Diesel
MarutiSuzukiOmni,Maruti,2009,85000,56000,Petrol
MarutiSuzukiZen,Maruti,2004,70000,100000,Petrol
RenaultDusterRxL,Renault,2015,550000,36000,Petrol
MarutiSuzukiSwift,Maruti,2014,370000,11523,Petrol
MarutiSuzukiBaleno,Maruti,2018,690000,1000,Petrol
HondaWRV,Honda,2009,250000,60000,Petrol
TataIndigoCS,Tata,2016,110000,85000,Diesel
RenaultDuster110,Renault,2013,490000,38600,Diesel
MahindraScorpioLX,Mahindra,2009,320000,95500,Diesel
MarutiSuzukiZen,Maruti,2004,68000,56000,Petrol
MarutiSuzukiWagon,Maruti,2014,130000,37458,Petrol
MarutiSuzukiSX4,Maruti,2016,970000,85960,Diesel
AudiA3Cabriolet,Audi,2015,3100000,12516,Petrol
HyundaiEonD,Hyundai,2018,280000,35000,Petrol
MarutiSuzukiZen,Maruti,2009,125000,0,Petrol
MahindraScorpioSLX,Mahindra,2008,285000,80000,Diesel
HyundaiSantroAE,Hyundai,2011,165000,45000,Petrol
MarutiSuzukiSwift,Maruti,2009,250000,51000,Diesel
MahindraScorpioS4,Mahindra,2015,865000,30000,Diesel
MahindraXyloD2,Mahindra,2011,390000,48000,Diesel
HyundaiSantro,Hyundai,2003,60000,51000,Petrol
ChevroletBeatLT,Chevrolet,2015,215000,90000,Diesel
MarutiSuzukiSwift,Maruti,2015,475000,43000,Diesel
MahindraXUV500W8,Mahindra,2015,899000,53000,Diesel
ToyotaFortuner3.0,Toyota,2013,1499000,97000,Diesel
MarutiSuzukiAlto,Maruti,2013,240000,20000,Petrol
HyundaiGetzGLE,Hyundai,2007,99000,55000,Petrol
MarutiSuzukiSwift,Maruti,2014,260000,120000,Diesel
HyundaiCreta1.6,Hyundai,2019,1200000,0,Petrol
HyundaiSantroXing,Hyundai,2007,115000,46000,Petrol
HyundaiSantroXing,Hyundai,2009,88000,43200,Petrol
MahindraXyloD2,Mahindra,2011,390000,56000,Diesel
HyundaiSantroXing,Hyundai,2007,135000,42000,Petrol
TataIndicaV2,Tata,2009,90000,30600,Diesel
Hyundaii10Sportz,Hyundai,2011,220000,38000,Petrol
HyundaiGrandi10,Hyundai,2017,424999,2550,Petrol
HyundaiSantroXing,Hyundai,2007,135000,47000,Petrol
HondaCity1.5,Honda,2005,95000,41000,Petrol
NissanMicraXL,Nissan,2017,430000,62500,Diesel
HondaCity1.5,Honda,2005,115000,68000,Petrol
MarutiSuzukiAlto,Maruti,2015,215000,50000,Petrol
MarutiSuzukiWagon,Maruti,2004,53000,69000,Petrol
MarutiSuzukiErtiga,Maruti,2012,500000,48000,Diesel
TataIndicaeV2,Tata,2012,85000,55000,Diesel
MarutiSuzukiOmni,Maruti,2013,165000,25000,Petrol
HyundaiEonEra,Hyundai,2014,200000,28400,Petrol
HyundaiEon,Hyundai,2014,200000,28000,Petrol
MarutiSuzukiSwift,Maruti,2015,425000,42000,Diesel
HyundaiVerna1.6,Hyundai,2012,600000,29000,Diesel
ChevroletTaveraLS,Chevrolet,2005,130000,68485,Diesel
TataTiagoRevotron,Tata,2018,430000,3500,Petrol
TataTiagoRevotorq,Tata,2019,568500,0,Petrol
MarutiSuzukiZen,Maruti,2006,71000,32000,Petrol
MahindraKUV100K8,Mahindra,2018,560000,8000,Diesel
FordEcoSportTitanium,Ford,2014,590000,34000,Diesel
HindustanMotorsAmbassador,Hindustan,1995,750000,37000,Petrol
FordFusion1.4,Ford,2007,125000,85455,Diesel
HyundaiSantroXing,Hyundai,2007,135000,46000,Petrol
HyundaiSantro,Hyundai,2002,60000,47000,Petrol
FiatLineaEmotion,Fiat,2009,120000,64000,Petrol
FordIkon1.3,Ford,2008,95000,46000,Petrol
MarutiSuzukiOmni,Maruti,2017,240000,8000,Petrol
TataIndicaV2,Tata,2012,115000,64000,Diesel
MahindraScorpioS4,Mahindra,2015,795000,63000,Diesel
HyundaiSantroXing,Hyundai,2007,55000,65000,Petrol
MahindraXyloD2,Mahindra,2009,300000,62000,Diesel
HyundaiGrandi10,Hyundai,2014,320000,41000,Petrol
MarutiSuzukiAlto,Maruti,2015,265000,14000,Petrol
ToyotaCorolla,Toyota,2006,160000,40000,Petrol
HyundaiEonMagna,Hyundai,2017,300000,1600,Petrol
TataSumoGrande,Tata,2010,130000,90000,Diesel
MarutiSuzukiSwift,Maruti,2011,250000,58000,Diesel
VolkswagenPoloHighline1.2L,Volkswagen,2013,380000,27000,Petrol
MarutiSuzukiAlto,Maruti,2003,42000,60000,Petrol
TataTiagoRevotron,Tata,2017,400000,31000,Petrol
MarutiSuzukiSwift,Maruti,2009,120000,90000,Diesel
MarutiSuzukiSwift,Maruti,2009,120000,90000,Diesel
TataIndigoeCS,Tata,2016,130000,150000,Diesel
ChevroletBeatLS,Chevrolet,2014,189000,31000,Diesel
MahindraXyloE8,Mahindra,2011,365000,43000,Diesel
HyundaiEonD,Hyundai,2013,170000,20000,Petrol
TataSumoGold,Tata,2013,215000,100000,Petrol
TataNano,Tata,2013,60000,7000,Petrol
HyundaiElitei20,Hyundai,2017,599999,31000,Petrol
Hyundaii10Magna,Hyundai,2009,400000,33000,Petrol
HyundaiCreta,Hyundai,2016,900000,60000,Diesel
VolkswagenPolo,Volkswagen,2013,299999,48000,Diesel
MarutiSuzukiDzire,Maruti,2014,374999,33000,Petrol
TataBoltXM,Tata,2015,600000,15000,Petrol
MarutiSuzukiAlto,Maruti,2005,70000,47000,Petrol
MarutiSuzukiAlto,Maruti,2005,100000,40000,Petrol
MarutiSuzukiRitz,Maruti,2010,150000,38000,Diesel
MarutiSuzukiAlto,Maruti,2017,225000,12500,Petrol
MarutiSuzukiDzire,Maruti,2009,210000,42000,Petrol
Hyundaii20Asta,Hyundai,2014,425000,31000,Petrol
MarutiSuzukiSwift,Maruti,2008,162000,60000,Diesel
TataIndicaV2,Tata,2005,60000,80000,Diesel
MahindraScorpioVLX,Mahindra,2014,650000,77000,Diesel
ToyotaInnova2.5,Toyota,2012,750000,75000,Diesel
MahindraXyloE8,Mahindra,2010,375000,40000,Diesel
Hyundaii20Magna,Hyundai,2011,230000,47000,Petrol
MarutiSuzukiOmni,Maruti,2000,35999,60000,Petrol
MahindraKUV100,Mahindra,2016,380000,26500,Petrol
MahindraKUV100K8,Mahindra,2019,560000,2875,Petrol
DatsunGoPlus,Datsun,2016,285000,13900,Petrol
FordEndeavor4x4,Ford,2019,2900000,9000,Diesel
TataIndicaV2,Tata,2005,39999,80000,Diesel
HyundaiSantroXing,Hyundai,2006,85000,60000,Petrol
MarutiSuzukiWagon,Maruti,2016,395000,20000,Petrol
MarutiSuzukiSwift,Maruti,2008,175000,58000,Diesel
MarutiSuzukiAlto,Maruti,2019,400000,1500,Petrol
ToyotaInnova2.5,Toyota,2011,750000,75000,Diesel
MarutiSuzukiAlto,Maruti,2016,250000,2450,Petrol
MarutiSuzukiAlto,Maruti,2019,425000,1625,Petrol
VolkswagenPoloHighline1.2L,Volkswagen,2017,525000,45000,Petrol
MahindraLogan,Mahindra,2009,130000,65000,Diesel
MarutiSuzuki800,Maruti,2000,30000,33400,Petrol
MahindraScorpio,Mahindra,2011,475000,60123,Diesel
ChevroletSail1.2,Chevrolet,2013,300000,28000,Petrol
HyundaiSantroAE,Hyundai,2003,60000,70000,Petrol
MarutiSuzukiWagon,Maruti,2006,100000,7000,Petrol
HyundaiEon,Hyundai,2018,260000,25000,Petrol
TataManza,Tata,2015,100000,100000,Diesel
ToyotaEtiosG,Toyota,2013,265000,42000,Petrol
HyundaiGetzPrime,Hyundai,2009,115000,20000,Petrol
ToyotaQualis,Toyota,2003,180000,100000,Diesel
HyundaiSantroXing,Hyundai,2004,45000,137495,Petrol
TataIndicaeV2,Tata,2016,50500,91200,Diesel
HondaCity1.5,Honda,2009,270000,55000,Petrol
TataZestXE,Tata,2017,290000,120000,Diesel
MahindraQuantoC4,Mahindra,2013,325000,63000,Diesel
TataIndigoeCS,Tata,2016,160000,104000,Diesel
MarutiSuzukiSwift,Maruti,2016,350000,146000,Diesel
HyundaiElitei20,Hyundai,2011,290000,40000,Petrol
Hyundaii20Select,Hyundai,2011,290000,40000,Petrol
ChevroletTaveraNeo,Chevrolet,2007,465000,100800,Diesel
MarutiSuzukiDzire,Maruti,2016,325000,150000,Diesel
HyundaiElitei20,Hyundai,2018,510000,2100,Petrol
HondaCityVX,Honda,2016,860000,95000,Petrol
MarutiSuzukiDzire,Maruti,2016,450000,2500,Diesel
HyundaiGetz,Hyundai,2006,125000,80000,Petrol
MercedesBenzC,Mercedes,2006,500001,15000,Petrol
MarutiSuzukiAlto,Maruti,2005,95000,65000,Petrol
MarutiSuzukiSwift,Maruti,2009,250000,51000,Diesel
SkodaFabia,Skoda,2009,110000,45000,Petrol
MarutiSuzukiRitz,Maruti,2011,270000,50000,Petrol
TataIndicaV2,Tata,2009,110000,30000,Diesel
ToyotaCorollaAltis,Toyota,2009,300000,132000,Petrol
TataZestXM,Tata,2018,260000,27000,Diesel
MahindraQuantoC8,Mahindra,2013,390000,40000,Diesel
